title,link
2025年3月30日虾谷龙虾报价,http://mp.weixin.qq.com/s?__biz=MzkyMTY0Nzg4Mg==&mid=2247486703&idx=1&sn=729294d5b3fb2ee73e552aceb28414f0&chksm=c181228af6f6ab9cba29d0008907ba271c716c099e05f0bb1c4ea58d8f8298612013aafa9f43#rd
2025年3月29日虾谷龙虾报价,http://mp.weixin.qq.com/s?__biz=MzkyMTY0Nzg4Mg==&mid=2247486701&idx=1&sn=f4c6769a9a033f4b1b086219fb6c4595&chksm=c1812288f6f6ab9ecee37e58486cc0892515bf6227823ca78d60bbc827996e9cb764aa246b03#rd
2025年3月28日虾谷龙虾报价,http://mp.weixin.qq.com/s?__biz=MzkyMTY0Nzg4Mg==&mid=2247486698&idx=1&sn=ddf2f0ae75a14bfbcadae0a88a6738ed&chksm=c181228ff6f6ab99452cab7d434d97132afa1e80632416c0fb37d9212a15ab1742ca2d25e028#rd
2025年3月27日虾谷龙虾报价,http://mp.weixin.qq.com/s?__biz=MzkyMTY0Nzg4Mg==&mid=2247486696&idx=1&sn=ac970503e56a292739ecfb0153706e6c&chksm=c181228df6f6ab9b52cb591c24ecf4307f6d72bd09f94a1ea277aeaae3e3eed86d9101306ef5#rd
2025年3月26日虾谷龙虾报价,http://mp.weixin.qq.com/s?__biz=MzkyMTY0Nzg4Mg==&mid=2247486693&idx=1&sn=840dc33ff8a8d5006717f7b14fae5cdd&chksm=c1812280f6f6ab960a62624f6800206689c9532d3fc70159e924efa6a0606f2fef7408315937#rd
2025年3月25日虾谷龙虾报价,http://mp.weixin.qq.com/s?__biz=MzkyMTY0Nzg4Mg==&mid=2247486691&idx=1&sn=6270dfe3a4b88dbdc0c695c8aa7020c1&chksm=c1812286f6f6ab90bfa050dafcd9d82c4597e4873d503bcea1bfea9c57f08ec3d8fb0cc076dc#rd
2025年3月24日虾谷龙虾报价,http://mp.weixin.qq.com/s?__biz=MzkyMTY0Nzg4Mg==&mid=2247486689&idx=1&sn=94c533fdf3b27593193dab086c10b991&chksm=c1812284f6f6ab921cd4c19aa679946ef4f66f28b2dea40b1670b2aaab07bd01286d86d4bc35#rd
2025年3月23日虾谷龙虾报价,http://mp.weixin.qq.com/s?__biz=MzkyMTY0Nzg4Mg==&mid=2247486687&idx=1&sn=88ac1697343e256975fa4557c2422568&chksm=c18122baf6f6abacac6d0dbe4de71ab09302dd3ca78c0a9a56eefa7d267a836a2bcb27c84e0d#rd
2025年3月22日虾谷龙虾报价,http://mp.weixin.qq.com/s?__biz=MzkyMTY0Nzg4Mg==&mid=2247486685&idx=1&sn=4ac0c1a8ef55bc92cb3f6d4fe63404e0&chksm=c18122b8f6f6abae10198ff0733693f0d932ceebe3f5e744a24ee67c70ea319aa28d15c9c4e7#rd
2025年3月21日虾谷龙虾报价,http://mp.weixin.qq.com/s?__biz=MzkyMTY0Nzg4Mg==&mid=2247486683&idx=1&sn=0d83ffcc0b5840fb7c0ee8579874c2a9&chksm=c18122bef6f6aba8f137134c6d1e41348b67baa23f046cf9d9f2128dc3a69e254d6b5fc10e33#rd
2025年3月20日虾谷龙虾报价,http://mp.weixin.qq.com/s?__biz=MzkyMTY0Nzg4Mg==&mid=2247486681&idx=1&sn=e18bb0644d235d639805142743722d44&chksm=c18122bcf6f6abaa8eb4a18967bfdbe18ede44b3f105793027df3ffd81c4049ad73b66ca6664#rd
2025年3月19日虾谷龙虾报价,http://mp.weixin.qq.com/s?__biz=MzkyMTY0Nzg4Mg==&mid=2247486675&idx=1&sn=e82c5458421ff0a043a4111bac7a9773&chksm=c18122b6f6f6aba0cfc07fc71854dbfa3bf46b88db336e33ff1cf72dc86a8ede0199c1407945#rd
