title,link,account,page
2024年4月25日虾谷龙虾报价,https://weixin.sogou.com/link?url=dn9a_-gY295K0Rci_xozVXfdMkSQTLW6cwJThYulHEtVjXrGTiVgS9wGR_myRmJJUs7I-s0taIdFh4jN3qY7XVqXa8Fplpd9V_YQOTA2IG1v-Gc2s5CpWkE8ySKYTJ7Uuj34trYSA1eA8eaH_EdDmyn-MHWGQImuxgA1Dsu8UMHaBMRkGEh8LkwgWkRgYctJMNQonrr4daQSEOSMAA7rWgRThkTVYScGcmU7BOaap2nstrJbEofOxB2amzLP0tvT2-eiG02jfkd5LU3lqtPw9g..&type=2&query=%E8%99%BE%E8%B0%B7%E8%AE%A2%E9%98%85%E5%8F%B7&token=EC64670FC7F6DA3A4F497E351E2786E74F1F8F1A67E7E741,虾谷订阅号,1
2024年4月29日虾谷龙虾报价,https://weixin.sogou.com/link?url=dn9a_-gY295K0Rci_xozVXfdMkSQTLW6cwJThYulHEtVjXrGTiVgS9wGR_myRmJJUs7I-s0taIdFh4jN3qY7XVqXa8Fplpd9V_YQOTA2IG1v-Gc2s5CpWkE8ySKYTJ7Uuj34trYSA1eA8eaH_EdDm6qF9rJ2lB6Ri13AVCI0uOGBEsQhQ45Fc9jXl_Xvek6XLtDg_-QclxW3jI16zIKGJNlPIkTAnBUuAUowjvRUUUpFxeGA1bAvVNT8EijD3wlmILNwm2iLEd5f_71bqkOtiw..&type=2&query=%E8%99%BE%E8%B0%B7%E8%AE%A2%E9%98%85%E5%8F%B7&token=EC64670FC7F6DA3A4F497E351E2786E74F1F8F1A67E7E741,虾谷订阅号,1
2024年5月2日虾谷龙虾报价,https://weixin.sogou.com/link?url=dn9a_-gY295K0Rci_xozVXfdMkSQTLW6cwJThYulHEtVjXrGTiVgS9wGR_myRmJJUs7I-s0taIdFh4jN3qY7XVqXa8Fplpd9V_YQOTA2IG1v-Gc2s5CpWkE8ySKYTJ7Uuj34trYSA1eA8eaH_EdDm_xd6tdETYfSmtxy_6O4NkPcGOojPpO24jBA_pDefH3u6eu3ug7wAdvWdhZRRoAb2MjTjvnw3qJIHqs9Oeg6RzV_1dCabUWh_MS0MtkBhBelp4rquzZqyoXzAjcIGepUqA..&type=2&query=%E8%99%BE%E8%B0%B7%E8%AE%A2%E9%98%85%E5%8F%B7&token=EC64670FC7F6DA3A4F497E351E2786E74F1F8F1A67E7E741,虾谷订阅号,1
2024年4月27日虾谷龙虾报价,https://weixin.sogou.com/link?url=dn9a_-gY295K0Rci_xozVXfdMkSQTLW6cwJThYulHEtVjXrGTiVgS9wGR_myRmJJUs7I-s0taIdFh4jN3qY7XVqXa8Fplpd9V_YQOTA2IG1v-Gc2s5CpWkE8ySKYTJ7Uuj34trYSA1eA8eaH_EdDm5W-6FRYSi13noPn9VDA_0sPXUz2iz18xKQUIL5n2FFEfhFWT3RnXE2Y1f00sLWAlqYJFqq8Q1XF_Mm56Yl8AX3fWymPoWiHt7MSQ0H2EYi2hMvGKmZB1JBFH6In5Ei3zg..&type=2&query=%E8%99%BE%E8%B0%B7%E8%AE%A2%E9%98%85%E5%8F%B7&token=EC64670FC7F6DA3A4F497E351E2786E74F1F8F1A67E7E741,虾谷订阅号,1
2024年4月24日虾谷龙虾报价,https://weixin.sogou.com/link?url=dn9a_-gY295K0Rci_xozVXfdMkSQTLW6cwJThYulHEtVjXrGTiVgS9wGR_myRmJJUs7I-s0taIdFh4jN3qY7XVqXa8Fplpd9V_YQOTA2IG1v-Gc2s5CpWkE8ySKYTJ7Uuj34trYSA1eA8eaH_EdDm9dxd64v0IIDFOtVk1mgNtjQvK03AxqqaN0q9DkJcueBVWU8PLuJbWeTrxiNBAA0ebXtF98yb47XB-9OY6mPxsvRRCDrBsjYryfptuwX__LjetRPz5xC_UUHpHkoPMgL3A..&type=2&query=%E8%99%BE%E8%B0%B7%E8%AE%A2%E9%98%85%E5%8F%B7&token=EC64670FC7F6DA3A4F497E351E2786E74F1F8F1A67E7E741,虾谷订阅号,1
2024年4月22日虾谷龙虾报价,https://weixin.sogou.com/link?url=dn9a_-gY295K0Rci_xozVXfdMkSQTLW6cwJThYulHEtVjXrGTiVgS9wGR_myRmJJUs7I-s0taIdFh4jN3qY7XVqXa8Fplpd9V_YQOTA2IG1v-Gc2s5CpWkE8ySKYTJ7Uuj34trYSA1eA8eaH_EdDm-n0CeV1oK30bPxOJSRPZOkWaHe7C5BF085BfhkNqwyd3V6md7hc-GfB2iwe6_A3bGortchUDySWH7JBEdPyd3VrM2O3qaKkgwaTCUoODOt-bn1wuUOk-4PFcvUoAZZH7Q..&type=2&query=%E8%99%BE%E8%B0%B7%E8%AE%A2%E9%98%85%E5%8F%B7&token=EC64670FC7F6DA3A4F497E351E2786E74F1F8F1A67E7E741,虾谷订阅号,1
2024年4月26日虾谷龙虾报价,https://weixin.sogou.com/link?url=dn9a_-gY295K0Rci_xozVXfdMkSQTLW6cwJThYulHEtVjXrGTiVgS9wGR_myRmJJUs7I-s0taIdFh4jN3qY7XVqXa8Fplpd9V_YQOTA2IG1v-Gc2s5CpWkE8ySKYTJ7Uuj34trYSA1eA8eaH_EdDm6oMY65Eyz8oVHCx1FPRBfroqjflwIU6gjHIlblKLhv0ddH_QnF_zuNiC5eX913uZ2m8zXtMsOfYuyUCQ9KfLkg54GapmcYQXDl9_CWApFA8BOxaClKuPs7Yl_Q5RRZQjg..&type=2&query=%E8%99%BE%E8%B0%B7%E8%AE%A2%E9%98%85%E5%8F%B7&token=EC64670FC7F6DA3A4F497E351E2786E74F1F8F1A67E7E741,虾谷订阅号,1
2024年4月19日虾谷龙虾报价,https://weixin.sogou.com/link?url=dn9a_-gY295K0Rci_xozVXfdMkSQTLW6cwJThYulHEtVjXrGTiVgS9wGR_myRmJJUs7I-s0taIdFh4jN3qY7XVqXa8Fplpd9V_YQOTA2IG1v-Gc2s5CpWkE8ySKYTJ7Uuj34trYSA1eA8eaH_EdDmzsJduSZCd14AyXlHWNaSbw520Y57vMxCtp3u11REEZh9f_zk0l1DIWVoqUPSeU-hH1arDmIZ0qluBwKwOgVf9FcgzSybDiJGHcRYND7WV8PZbTRhLpTqgTy08OLTBhW0A..&type=2&query=%E8%99%BE%E8%B0%B7%E8%AE%A2%E9%98%85%E5%8F%B7&token=EC64670FC7F6DA3A4F497E351E2786E74F1F8F1A67E7E741,虾谷订阅号,1
2024年4月20日虾谷龙虾报价,https://weixin.sogou.com/link?url=dn9a_-gY295K0Rci_xozVXfdMkSQTLW6cwJThYulHEtVjXrGTiVgS9wGR_myRmJJUs7I-s0taIdFh4jN3qY7XVqXa8Fplpd9V_YQOTA2IG1v-Gc2s5CpWkE8ySKYTJ7Uuj34trYSA1eA8eaH_EdDm0z0gmRK3e6VA11fFehow1eBMwx6jxQh0elSTgBPRdE1eUNEhUoSkiv_ois00yppvUkRdY1Noq2AYrOli0XFank_Q88WLBkQaEb4ytF-RQeKiKHi4nlkMgPdrgozfSg6bw..&type=2&query=%E8%99%BE%E8%B0%B7%E8%AE%A2%E9%98%85%E5%8F%B7&token=EC64670FC7F6DA3A4F497E351E2786E74F1F8F1A67E7E741,虾谷订阅号,1
2024年4月17日虾谷龙虾报价,https://weixin.sogou.com/link?url=dn9a_-gY295K0Rci_xozVXfdMkSQTLW6cwJThYulHEtVjXrGTiVgS9wGR_myRmJJJrHciiz6V-xFh4jN3qY7XVqXa8Fplpd9V_YQOTA2IG1v-Gc2s5CpWkE8ySKYTJ7Uuj34trYSA1eA8eaH_EdDmwrx06EnxtqEyvqUEQjyfZgUpkbEF2O0cTByhdgPiKcjcKPdWW5Fp4jdhv_1ieBQhityms1DVtue3tD8L23fXwzAm_gTrB-WROTb50X9diyJWOnx9MpMCevwdVqCwyPdzA..&type=2&query=%E8%99%BE%E8%B0%B7%E8%AE%A2%E9%98%85%E5%8F%B7&token=EC64E45CC7F6DA3A4F497E351E2786E74F1F8F1A67E7E75A,虾谷订阅号,2
2024年4月13日虾谷龙虾报价,https://weixin.sogou.com/link?url=dn9a_-gY295K0Rci_xozVXfdMkSQTLW6cwJThYulHEtVjXrGTiVgS9wGR_myRmJJJrHciiz6V-xFh4jN3qY7XVqXa8Fplpd9V_YQOTA2IG1v-Gc2s5CpWkE8ySKYTJ7Uuj34trYSA1eA8eaH_EdDm1TkIgdWVvugh0rAq42Y58CgTp-Lvujm1zrwUCNi7urX4N41nsVvmn2Xh29VwKgh0oOXr8CdyC9a4DvBP0kDaqZRxfpUaPXXFko3zMby0E1XYfBDl8cK-EZf_71bqkOtiw..&type=2&query=%E8%99%BE%E8%B0%B7%E8%AE%A2%E9%98%85%E5%8F%B7&token=EC64E45CC7F6DA3A4F497E351E2786E74F1F8F1A67E7E75A,虾谷订阅号,2
2024年5月14日虾谷龙虾报价,https://weixin.sogou.com/link?url=dn9a_-gY295K0Rci_xozVXfdMkSQTLW6cwJThYulHEtVjXrGTiVgS9wGR_myRmJJJrHciiz6V-xFh4jN3qY7XVqXa8Fplpd9V_YQOTA2IG1v-Gc2s5CpWkE8ySKYTJ7Uuj34trYSA1eA8eaH_EdDm4a6zwz5YpyzocdtpR6U4-zBE5XsHWITfFpI2xw3H_57IKQqM3Jcd3XnUId0WYBBQGWrz5LnESrBPhb3q3T8wP25_mrPqrO4iD7EF4fpNxvLgztdJum3c4LyPfCoem7FzA..&type=2&query=%E8%99%BE%E8%B0%B7%E8%AE%A2%E9%98%85%E5%8F%B7&token=EC64E45CC7F6DA3A4F497E351E2786E74F1F8F1A67E7E75A,虾谷订阅号,2
2024年5月15日虾谷龙虾报价,https://weixin.sogou.com/link?url=dn9a_-gY295K0Rci_xozVXfdMkSQTLW6cwJThYulHEtVjXrGTiVgS9wGR_myRmJJJrHciiz6V-xFh4jN3qY7XVqXa8Fplpd9V_YQOTA2IG1v-Gc2s5CpWkE8ySKYTJ7Uuj34trYSA1eA8eaH_EdDm1b34s1RQblxIeEWzvxsornkPdeuPskqKwUDaVDbxbIaqawPJoXf2paSC2y8l_IQ4Q8u04hBOfUQ72p0f9VTWYyNGGTNNavsspBl9z9i9MOknGkftwdwfIGE8RsmObDbtQ..&type=2&query=%E8%99%BE%E8%B0%B7%E8%AE%A2%E9%98%85%E5%8F%B7&token=EC64E45CC7F6DA3A4F497E351E2786E74F1F8F1A67E7E75A,虾谷订阅号,2
2024年5月17日虾谷龙虾报价,https://weixin.sogou.com/link?url=dn9a_-gY295K0Rci_xozVXfdMkSQTLW6cwJThYulHEtVjXrGTiVgS9wGR_myRmJJJrHciiz6V-xFh4jN3qY7XVqXa8Fplpd9V_YQOTA2IG1v-Gc2s5CpWkE8ySKYTJ7Uuj34trYSA1eA8eaH_EdDm8e-FX997AgmXUrG2Y1ki_MtN85GrRuj74kCBq83fE1EzgFeriWeok7CZ0_JbURtjJT395CNROM5IlV3oNdCCJZUcdHwkXw2QQMW1T2PQkfkvX-kmb2e1iLyPfCoem7FzA..&type=2&query=%E8%99%BE%E8%B0%B7%E8%AE%A2%E9%98%85%E5%8F%B7&token=EC64E45CC7F6DA3A4F497E351E2786E74F1F8F1A67E7E75A,虾谷订阅号,2
2024年5月11日虾谷龙虾报价,https://weixin.sogou.com/link?url=dn9a_-gY295K0Rci_xozVXfdMkSQTLW6cwJThYulHEtVjXrGTiVgS9wGR_myRmJJJrHciiz6V-xFh4jN3qY7XVqXa8Fplpd9V_YQOTA2IG1v-Gc2s5CpWkE8ySKYTJ7Uuj34trYSA1eA8eaH_EdDmxI8BCuBBFnEWZyHiquFUi7FSCRa1LO0aDXZ31_WrsO5M397I_2aIaYFxcg1I7QnA-PLTRLRfsh3CPbdgebfTsN77b7eWozQZQ11dZSLiD_p7QtjL6IqHEiq3X8EKMKOIA..&type=2&query=%E8%99%BE%E8%B0%B7%E8%AE%A2%E9%98%85%E5%8F%B7&token=EC64E45CC7F6DA3A4F497E351E2786E74F1F8F1A67E7E75A,虾谷订阅号,2
2024年5月6日虾谷龙虾报价,https://weixin.sogou.com/link?url=dn9a_-gY295K0Rci_xozVXfdMkSQTLW6cwJThYulHEtVjXrGTiVgS9wGR_myRmJJJrHciiz6V-xFh4jN3qY7XVqXa8Fplpd9V_YQOTA2IG1v-Gc2s5CpWkE8ySKYTJ7Uuj34trYSA1eA8eaH_EdDmzUFry9YOlrWWl2Y9MfRGqKlryoPn66rUotjuSxNpsrtHZ2c7Vek64Wd-oabQWklNzhg3cdpubTYM3g9CQZ7HYtAAM-NOtuFBWm2zXZQHKRO2rC_rsEj6hbYl_Q5RRZQjg..&type=2&query=%E8%99%BE%E8%B0%B7%E8%AE%A2%E9%98%85%E5%8F%B7&token=EC64E45CC7F6DA3A4F497E351E2786E74F1F8F1A67E7E75A,虾谷订阅号,2
2024年5月10日虾谷龙虾报价,https://weixin.sogou.com/link?url=dn9a_-gY295K0Rci_xozVXfdMkSQTLW6cwJThYulHEtVjXrGTiVgS9wGR_myRmJJJrHciiz6V-xFh4jN3qY7XVqXa8Fplpd9V_YQOTA2IG1v-Gc2s5CpWkE8ySKYTJ7Uuj34trYSA1eA8eaH_EdDm7SAOFKYfLYjB8Nzfwf7VJzkMC7Qq-Hicb2gClE17NtgifU3wmJyKMU8K_z6OzwvJIR4srG2Tp40vw8x4c0hL-mL1-owMuOUeJ1-6q8Xaaigh_Fqype9nsZFH6In5Ei3zg..&type=2&query=%E8%99%BE%E8%B0%B7%E8%AE%A2%E9%98%85%E5%8F%B7&token=EC64E45CC7F6DA3A4F497E351E2786E74F1F8F1A67E7E75A,虾谷订阅号,2
2024年5月8日虾谷龙虾报价,https://weixin.sogou.com/link?url=dn9a_-gY295K0Rci_xozVXfdMkSQTLW6cwJThYulHEtVjXrGTiVgS9wGR_myRmJJJrHciiz6V-xFh4jN3qY7XVqXa8Fplpd9V_YQOTA2IG1v-Gc2s5CpWkE8ySKYTJ7Uuj34trYSA1eA8eaH_EdDm67FsSW5WyfIpY62tzrb7FLRmmBaNQsbCBJ67QDiGgWB2dUB9MWd9GsEteDMSsghx4UvjSMLkCtxykExYR49kXks7aBlEs7qooWD8kc8y8oKhcqdoB9zdaROJBjQH7pCxQ..&type=2&query=%E8%99%BE%E8%B0%B7%E8%AE%A2%E9%98%85%E5%8F%B7&token=EC64E45CC7F6DA3A4F497E351E2786E74F1F8F1A67E7E75A,虾谷订阅号,2
2024年5月19日虾谷龙虾报价,https://weixin.sogou.com/link?url=dn9a_-gY295K0Rci_xozVXfdMkSQTLW6cwJThYulHEtVjXrGTiVgS9wGR_myRmJJJrHciiz6V-xFh4jN3qY7XVqXa8Fplpd9V_YQOTA2IG1v-Gc2s5CpWkE8ySKYTJ7Uuj34trYSA1eA8eaH_EdDm0em6yXiCbtJteolGlQddz8ybgpTzhvivw4E-KJujlR5OKbJHl0WaOrTf1a_vfhTULk49fL5L5rgYWYZFOk0Rk0747T3bvRQ8Xlsn8YUpg5GOQH_r5f_arsC2Qmj7RgGwQ..&type=2&query=%E8%99%BE%E8%B0%B7%E8%AE%A2%E9%98%85%E5%8F%B7&token=EC64E45CC7F6DA3A4F497E351E2786E74F1F8F1A67E7E75A,虾谷订阅号,2
2024年4月10日虾谷龙虾报价,https://weixin.sogou.com/link?url=dn9a_-gY295K0Rci_xozVXfdMkSQTLW6cwJThYulHEtVjXrGTiVgS9wGR_myRmJJ6T3p4ZnqzfFFh4jN3qY7XVqXa8Fplpd9V_YQOTA2IG1v-Gc2s5CpWkE8ySKYTJ7Uuj34trYSA1eA8eaH_EdDm4k27kqHX6-ImWmmF0msK6TxlrI4ShxkMX-1-BbRY11mUs8Cb8A6YXam3F6jlUsHT-gzmPApFouZn8i_Wn14h1ozu_xMwE0p2CG3CRXoYtK3FLnfMSbd_czFcvUoAZZH7Q..&type=2&query=%E8%99%BE%E8%B0%B7%E8%AE%A2%E9%98%85%E5%8F%B7&token=EC655AD5C7F6DA3A4F497E351E2786E74F1F8F1A67E7E773,虾谷订阅号,3
2024年4月9日虾谷龙虾报价,https://weixin.sogou.com/link?url=dn9a_-gY295K0Rci_xozVXfdMkSQTLW6cwJThYulHEtVjXrGTiVgS9wGR_myRmJJ6T3p4ZnqzfFFh4jN3qY7XVqXa8Fplpd9V_YQOTA2IG1v-Gc2s5CpWkE8ySKYTJ7Uuj34trYSA1eA8eaH_EdDm95NSmPZovpuQ-rgeaf-DYU_TSp5-uL8vUgDWRNrQHrolHzZVgYpMnlxIIoVNdTViwOOI-2f_mb4o0xtw7lhTaaysiQ07vnSyPWSfgoW-KpNXXiLN_CVH4o6Ebq8fk9diw..&type=2&query=%E8%99%BE%E8%B0%B7%E8%AE%A2%E9%98%85%E5%8F%B7&token=EC655AD5C7F6DA3A4F497E351E2786E74F1F8F1A67E7E773,虾谷订阅号,3
2024年5月22日虾谷龙虾报价,https://weixin.sogou.com/link?url=dn9a_-gY295K0Rci_xozVXfdMkSQTLW6cwJThYulHEtVjXrGTiVgS9wGR_myRmJJ6T3p4ZnqzfFFh4jN3qY7XVqXa8Fplpd9V_YQOTA2IG1v-Gc2s5CpWkE8ySKYTJ7Uuj34trYSA1eA8eaH_EdDmyglM8f0vLXf72pg3Dzx8d3z0JEKBgnifG_N3QppAT3ICeRAukLEPkPDJ3VHqRpoD90GFlK3NqfvLTuT3YHUixxuwzb97Eili9f9hBNWOWIhlThUeRbeA7jFcvUoAZZH7Q..&type=2&query=%E8%99%BE%E8%B0%B7%E8%AE%A2%E9%98%85%E5%8F%B7&token=EC655AD5C7F6DA3A4F497E351E2786E74F1F8F1A67E7E773,虾谷订阅号,3
2024年4月7日虾谷龙虾报价,https://weixin.sogou.com/link?url=dn9a_-gY295K0Rci_xozVXfdMkSQTLW6cwJThYulHEtVjXrGTiVgS9wGR_myRmJJ6T3p4ZnqzfFFh4jN3qY7XVqXa8Fplpd9V_YQOTA2IG1v-Gc2s5CpWkE8ySKYTJ7Uuj34trYSA1eA8eaH_EdDm_1umByPWfDb7RY_YarbW0zcOA-KDyKv0invP8WVfXVTZm0A732kd08IDAkSPU-uEOe3a7lJ9yHFXrklfvti_YpcBcZGjlKHF6pYXyoQyTURjq6Sr3Fu2isYJSSFPgfogQ..&type=2&query=%E8%99%BE%E8%B0%B7%E8%AE%A2%E9%98%85%E5%8F%B7&token=EC655AD5C7F6DA3A4F497E351E2786E74F1F8F1A67E7E773,虾谷订阅号,3
2024年4月8日虾谷龙虾报价,https://weixin.sogou.com/link?url=dn9a_-gY295K0Rci_xozVXfdMkSQTLW6cwJThYulHEtVjXrGTiVgS9wGR_myRmJJ6T3p4ZnqzfFFh4jN3qY7XVqXa8Fplpd9V_YQOTA2IG1v-Gc2s5CpWkE8ySKYTJ7Uuj34trYSA1eA8eaH_EdDm-DCK7CCYveb-lmfTf-ub2GDDIx88zDMcKBry0WvYXysqC5Rq_LyXcWTXhqMeN8iJ-w2gVr6eaqqk0sS6NaCPQMETL3y7gybxzKiq5RdhfkdkAXbi5X4CrZflztgI7RZ1g..&type=2&query=%E8%99%BE%E8%B0%B7%E8%AE%A2%E9%98%85%E5%8F%B7&token=EC655AD5C7F6DA3A4F497E351E2786E74F1F8F1A67E7E773,虾谷订阅号,3
2024年4月6日虾谷龙虾报价,https://weixin.sogou.com/link?url=dn9a_-gY295K0Rci_xozVXfdMkSQTLW6cwJThYulHEtVjXrGTiVgS9wGR_myRmJJ6T3p4ZnqzfFFh4jN3qY7XVqXa8Fplpd9V_YQOTA2IG1v-Gc2s5CpWkE8ySKYTJ7Uuj34trYSA1eA8eaH_EdDm0sIr2Ml3tu1eOzxolll1mgEibFyxi5HH_lqH5H8epcV__KrNIAU5GjbEo4cEDwlHyK7DhIqO7EvUVZeC2ccH9YmhGBSMEGyKp68WmfAYvwTFKnRlNbstbte0WC6Sbi7DA..&type=2&query=%E8%99%BE%E8%B0%B7%E8%AE%A2%E9%98%85%E5%8F%B7&token=EC655AD5C7F6DA3A4F497E351E2786E74F1F8F1A67E7E773,虾谷订阅号,3
2024年4月5日虾谷龙虾报价,https://weixin.sogou.com/link?url=dn9a_-gY295K0Rci_xozVXfdMkSQTLW6cwJThYulHEtVjXrGTiVgS9wGR_myRmJJ6T3p4ZnqzfFFh4jN3qY7XVqXa8Fplpd9V_YQOTA2IG1v-Gc2s5CpWkE8ySKYTJ7Uuj34trYSA1eA8eaH_EdDm9iM7EJulV-0P6eXZhx_c0gMzVovh7Dd299vX9zlMkaGRR2umnE22zQvavghX1BKxF5YYX71kWa8EXmaqyD-XRnsu4ZtSE5TV1nauj__ZRe0-toM_RB2Txff3q8uRDTfkw..&type=2&query=%E8%99%BE%E8%B0%B7%E8%AE%A2%E9%98%85%E5%8F%B7&token=EC655AD5C7F6DA3A4F497E351E2786E74F1F8F1A67E7E773,虾谷订阅号,3
2024年4月4日虾谷龙虾报价,https://weixin.sogou.com/link?url=dn9a_-gY295K0Rci_xozVXfdMkSQTLW6cwJThYulHEtVjXrGTiVgS9wGR_myRmJJ6T3p4ZnqzfFFh4jN3qY7XVqXa8Fplpd9V_YQOTA2IG1v-Gc2s5CpWkE8ySKYTJ7Uuj34trYSA1eA8eaH_EdDmwc4aAYF6a7Lwyj8fqUM13SA5RFc2_-cPy7J4F7ZtXtZBDdI5-Vit0-Kw4qpYJmb85P_kbLEYPvco01dwJ_pSlhvBF2Hy6NwEwADwx-jGHRUyQlK5kp2IYjy08OLTBhW0A..&type=2&query=%E8%99%BE%E8%B0%B7%E8%AE%A2%E9%98%85%E5%8F%B7&token=EC655AD5C7F6DA3A4F497E351E2786E74F1F8F1A67E7E773,虾谷订阅号,3
2024年3月31日虾谷龙虾报价,https://weixin.sogou.com/link?url=dn9a_-gY295K0Rci_xozVXfdMkSQTLW6cwJThYulHEtVjXrGTiVgS9wGR_myRmJJ3DWiT2tHK7BFh4jN3qY7XVqXa8Fplpd9V_YQOTA2IG1v-Gc2s5CpWkE8ySKYTJ7Uuj34trYSA1eA8eaH_EdDm0ShCRT3wfA8JUeNyTkPhm235P75lHtIm9tdUi2PqICGZ6hCg0PH3gzmwRmEqODR9FKlMovGNyDglCkewYCLEfUjsMvKdaZEltjZqDytDIX6QKikuT9trnvI3OTRHYU2og..&type=2&query=%E8%99%BE%E8%B0%B7%E8%AE%A2%E9%98%85%E5%8F%B7&token=EC65B1F0C7F6DA3A4F497E351E2786E74F1F8F1A67E7E784,虾谷订阅号,4
2024年3月25日虾谷龙虾报价,https://weixin.sogou.com/link?url=dn9a_-gY295K0Rci_xozVXfdMkSQTLW6cwJThYulHEtVjXrGTiVgS9wGR_myRmJJ3DWiT2tHK7BFh4jN3qY7XVqXa8Fplpd9V_YQOTA2IG1v-Gc2s5CpWkE8ySKYTJ7Uuj34trYSA1eA8eaH_EdDm7IebFy-8cgD0nMnr8YuxcsFVZ_PIAmZUi3ql_NNNNMpWR7VwoeXImbbQfldaJo_a5HE0YpcBGazMcWOvDM8hXo91yJfm5_mmJSzQsjFTP5scS8icxvx9fGE8RsmObDbtQ..&type=2&query=%E8%99%BE%E8%B0%B7%E8%AE%A2%E9%98%85%E5%8F%B7&token=EC65B1F0C7F6DA3A4F497E351E2786E74F1F8F1A67E7E784,虾谷订阅号,4
2024年3月24日虾谷龙虾报价,https://weixin.sogou.com/link?url=dn9a_-gY295K0Rci_xozVXfdMkSQTLW6cwJThYulHEtVjXrGTiVgS9wGR_myRmJJ3DWiT2tHK7BFh4jN3qY7XVqXa8Fplpd9V_YQOTA2IG1v-Gc2s5CpWkE8ySKYTJ7Uuj34trYSA1eA8eaH_EdDm3WO5AYSsrP3Ab_sfCVn6cqzbBLPWOgAmbNcUGdyzzU7X9fKj5jfvM6eeO7qaDd_8aOyPjAnTo9dUlPCu04xya9qrBi8DxCgcXTK7Mu1aLTuiTdIBg1JaeZ5LU3lqtPw9g..&type=2&query=%E8%99%BE%E8%B0%B7%E8%AE%A2%E9%98%85%E5%8F%B7&token=EC65B1F0C7F6DA3A4F497E351E2786E74F1F8F1A67E7E784,虾谷订阅号,4
2024年3月27日虾谷龙虾报价,https://weixin.sogou.com/link?url=dn9a_-gY295K0Rci_xozVXfdMkSQTLW6cwJThYulHEtVjXrGTiVgS9wGR_myRmJJ3DWiT2tHK7BFh4jN3qY7XVqXa8Fplpd9V_YQOTA2IG1v-Gc2s5CpWkE8ySKYTJ7Uuj34trYSA1eA8eaH_EdDm1HjOtxSDkYvxoq8m1ln0qA4CtJqlCn6ll6ETCzkGqWSHLTKawBgPL4cyBB7tkETogUXerSK6NX9BRjzuz7tf757f_xsfPsHLHLfR9e9C-yqdsXEzT3CbV-E8RsmObDbtQ..&type=2&query=%E8%99%BE%E8%B0%B7%E8%AE%A2%E9%98%85%E5%8F%B7&token=EC65B1F0C7F6DA3A4F497E351E2786E74F1F8F1A67E7E784,虾谷订阅号,4
2024年3月29日虾谷龙虾报价,https://weixin.sogou.com/link?url=dn9a_-gY295K0Rci_xozVXfdMkSQTLW6cwJThYulHEtVjXrGTiVgS9wGR_myRmJJ3DWiT2tHK7BFh4jN3qY7XVqXa8Fplpd9V_YQOTA2IG1v-Gc2s5CpWkE8ySKYTJ7Uuj34trYSA1eA8eaH_EdDm17prx6muEBYWKk33-_Kx7z83mODlcxq7X6W1DrghyezOfEo6ehBOmrlY3zRtjueb6U5NITXme3KRmEkGzV81FFQnfio1-bXfCY2NQdQEgRj8DUQwEAl1zd5Nu7CnoSqqg..&type=2&query=%E8%99%BE%E8%B0%B7%E8%AE%A2%E9%98%85%E5%8F%B7&token=EC65B1F0C7F6DA3A4F497E351E2786E74F1F8F1A67E7E784,虾谷订阅号,4
2024年3月23日虾谷龙虾报价,https://weixin.sogou.com/link?url=dn9a_-gY295K0Rci_xozVXfdMkSQTLW6cwJThYulHEtVjXrGTiVgS9wGR_myRmJJ3DWiT2tHK7BFh4jN3qY7XVqXa8Fplpd9V_YQOTA2IG1v-Gc2s5CpWkE8ySKYTJ7Uuj34trYSA1eA8eaH_EdDm0zZM6fRQ34JcQelTQ4yaMIzLN5XTxk-60IwSAIfNLphEosAoCU5bGmy08eG4c0CtnszEjVzbd0X0D9RBvMDMZbp-mBo0AbQwC1dZwv5oQOQirt3rMGFqqphWLv6O878UA..&type=2&query=%E8%99%BE%E8%B0%B7%E8%AE%A2%E9%98%85%E5%8F%B7&token=EC65B1F0C7F6DA3A4F497E351E2786E74F1F8F1A67E7E784,虾谷订阅号,4
2024年3月20日虾谷龙虾报价,https://weixin.sogou.com/link?url=dn9a_-gY295K0Rci_xozVXfdMkSQTLW6cwJThYulHEtVjXrGTiVgS9wGR_myRmJJ3DWiT2tHK7BFh4jN3qY7XVqXa8Fplpd9V_YQOTA2IG1v-Gc2s5CpWkE8ySKYTJ7Uuj34trYSA1eA8eaH_EdDm4hN29xU8ovhSZd6fKiPp3DsliwP6AiDKA_Z7zW397s1gn-8vw68fZ2umRXNEs_liNHqrj7KPTmn2f3gqpSKhfK1aUslxXK6aEwZBsnX4plO5okArgYKgkfvzHZXxeLdyg..&type=2&query=%E8%99%BE%E8%B0%B7%E8%AE%A2%E9%98%85%E5%8F%B7&token=EC65B1F0C7F6DA3A4F497E351E2786E74F1F8F1A67E7E784,虾谷订阅号,4
2024年3月18日虾谷龙虾报价,https://weixin.sogou.com/link?url=dn9a_-gY295K0Rci_xozVXfdMkSQTLW6cwJThYulHEtVjXrGTiVgS9wGR_myRmJJ3DWiT2tHK7BFh4jN3qY7XVqXa8Fplpd9V_YQOTA2IG1v-Gc2s5CpWkE8ySKYTJ7Uuj34trYSA1eA8eaH_EdDm8QoFDfZpOB_-FlapRbEJVvntugZ_TyiMGzRGWObkLW3Q2PqZN-Mdkjpbt1vfPVjvGWSZudYxE0m9qWHK8eZoYc58Cn0VuFHJc9WKcPKk4fsm8FmF_B0BS_uL0unUdKkuw..&type=2&query=%E8%99%BE%E8%B0%B7%E8%AE%A2%E9%98%85%E5%8F%B7&token=EC65B1F0C7F6DA3A4F497E351E2786E74F1F8F1A67E7E784,虾谷订阅号,4
2024年3月15日虾谷龙虾报价,https://weixin.sogou.com/link?url=dn9a_-gY295K0Rci_xozVXfdMkSQTLW6cwJThYulHEtVjXrGTiVgS9wGR_myRmJJ3DWiT2tHK7BFh4jN3qY7XVqXa8Fplpd9V_YQOTA2IG1v-Gc2s5CpWkE8ySKYTJ7Uuj34trYSA1eA8eaH_EdDm4esj_Ce3rUJhPUKxVM-XNR6iXnTZOxiCoLocV2GrZCBo4qpJl2Biey3kBLCbBbK_nf9RPQACuPz5Xt1nDxDWolCfPCXFl0hniDQ5Gak8F_WNNsfGKNvybp5LU3lqtPw9g..&type=2&query=%E8%99%BE%E8%B0%B7%E8%AE%A2%E9%98%85%E5%8F%B7&token=EC65B1F0C7F6DA3A4F497E351E2786E74F1F8F1A67E7E784,虾谷订阅号,4
2024年3月11日虾谷龙虾报价,https://weixin.sogou.com/link?url=dn9a_-gY295K0Rci_xozVXfdMkSQTLW6cwJThYulHEtVjXrGTiVgS9wGR_myRmJJ3DWiT2tHK7BFh4jN3qY7XVqXa8Fplpd9V_YQOTA2IG1v-Gc2s5CpWkE8ySKYTJ7Uuj34trYSA1eA8eaH_EdDmzcRJm5YfgJhc-xWEpaW1bfXzW9Qffb9gp8DIXmy17Sk_Nlqbgmj_I4iXFwRVgW5A5TjYeybKRMp0ZgTg6DnzR6eWaCkF0dVY5ET_JK3gMVtTmKYZmMt-p8SYTqT4eyLmA..&type=2&query=%E8%99%BE%E8%B0%B7%E8%AE%A2%E9%98%85%E5%8F%B7&token=EC65B1F0C7F6DA3A4F497E351E2786E74F1F8F1A67E7E784,虾谷订阅号,4
2024年3月16日虾谷龙虾报价,https://weixin.sogou.com/link?url=dn9a_-gY295K0Rci_xozVXfdMkSQTLW6cwJThYulHEtVjXrGTiVgS9wGR_myRmJJK_Ynf2bJSn9Fh4jN3qY7XVqXa8Fplpd9V_YQOTA2IG1v-Gc2s5CpWkE8ySKYTJ7Uuj34trYSA1eA8eaH_EdDm8a8eMYsEXvIlSbDfqAPH_JJ9lvmzhrAGbfzBo-2BujHpTVbqhezkix-JP5S2VRff65EjfGprGFOjBQYXVMU1W01Ss5a6a40oJ_GyalbEOrctf2N1nKr3-QGX_iHL9MadA..&type=2&query=%E8%99%BE%E8%B0%B7%E8%AE%A2%E9%98%85%E5%8F%B7&token=EC661EA0C7F6DA3A4F497E351E2786E74F1F8F1A67E7E79A,虾谷订阅号,5
2024年3月13日虾谷龙虾报价,https://weixin.sogou.com/link?url=dn9a_-gY295K0Rci_xozVXfdMkSQTLW6cwJThYulHEtVjXrGTiVgS9wGR_myRmJJK_Ynf2bJSn9Fh4jN3qY7XVqXa8Fplpd9V_YQOTA2IG1v-Gc2s5CpWkE8ySKYTJ7Uuj34trYSA1eA8eaH_EdDm17xSsOUq2ISTinhwPq1xEI5_43BhxiFyiQ_B9rIOBwVuOaSB5-hTBAw2gvnoRKVzHbYalxQqMFxrPJ59KSfSOwu4Valz5ZfWmqeaQGg8FZFEX7IThjBcMwHpHkoPMgL3A..&type=2&query=%E8%99%BE%E8%B0%B7%E8%AE%A2%E9%98%85%E5%8F%B7&token=EC661EA0C7F6DA3A4F497E351E2786E74F1F8F1A67E7E79A,虾谷订阅号,5
2024年3月12日虾谷龙虾报价,https://weixin.sogou.com/link?url=dn9a_-gY295K0Rci_xozVXfdMkSQTLW6cwJThYulHEtVjXrGTiVgS9wGR_myRmJJK_Ynf2bJSn9Fh4jN3qY7XVqXa8Fplpd9V_YQOTA2IG1v-Gc2s5CpWkE8ySKYTJ7Uuj34trYSA1eA8eaH_EdDm-aDhhJfrFMlBd34djkYr_80f1OnfvRU8XyIaTDjK09duU_XvyoFyT8rkquB5CgjFt9GF1yAAL3tDDA8dhrl-vpl8wYWxDHgh97QdhzDlYsmg3sKJvhcXgzRtmyIGw2VAg..&type=2&query=%E8%99%BE%E8%B0%B7%E8%AE%A2%E9%98%85%E5%8F%B7&token=EC661EA0C7F6DA3A4F497E351E2786E74F1F8F1A67E7E79A,虾谷订阅号,5
2025年3月26日虾谷龙虾报价,https://weixin.sogou.com/link?url=dn9a_-gY295K0Rci_xozVXfdMkSQTLW6cwJThYulHEtVjXrGTiVgS9wGR_myRmJJK_Ynf2bJSn9Fh4jN3qY7XVqXa8Fplpd9V_YQOTA2IG1v-Gc2s5CpWkE8ySKYTJ7Uuj34trYSA1eA8eaH_EdDm-SwPSjAIapZaUzgBQD4sVXFII02fRuNpAvHFsTIZopo1fgPXheMlKET4r9FUshopa5iFmqvSE2dzgPnoJeySr3HTXYwOR30rBFeai464_LR5Q2ycJsS27tCy6umSSPEsg..&type=2&query=%E8%99%BE%E8%B0%B7%E8%AE%A2%E9%98%85%E5%8F%B7&token=EC661EA0C7F6DA3A4F497E351E2786E74F1F8F1A67E7E79A,虾谷订阅号,5
2025年3月27日虾谷龙虾报价,https://weixin.sogou.com/link?url=dn9a_-gY295K0Rci_xozVXfdMkSQTLW6cwJThYulHEtVjXrGTiVgS9wGR_myRmJJK_Ynf2bJSn9Fh4jN3qY7XVqXa8Fplpd9V_YQOTA2IG1v-Gc2s5CpWkE8ySKYTJ7Uuj34trYSA1eA8eaH_EdDmzOR65wnEObJrkZQNf_uTfTM4cE9b8fuIqTz9B3QpYQBirtt-lqLsZ3n0HJZL8DCveIp0ebrzS2ZjBLgrSiPGts-gwNl8-8d2adQ_95AOvzZI-j2V80R54LS-e4Yz84xMA..&type=2&query=%E8%99%BE%E8%B0%B7%E8%AE%A2%E9%98%85%E5%8F%B7&token=EC661EA0C7F6DA3A4F497E351E2786E74F1F8F1A67E7E79A,虾谷订阅号,5
2024年5月16日虾谷龙虾报价,https://weixin.sogou.com/link?url=dn9a_-gY295K0Rci_xozVXfdMkSQTLW6cwJThYulHEtVjXrGTiVgS9wGR_myRmJJK_Ynf2bJSn9Fh4jN3qY7XVqXa8Fplpd9V_YQOTA2IG1v-Gc2s5CpWkE8ySKYTJ7Uuj34trYSA1eA8eaH_EdDm7L4rtZT7cDm1DpxDS0N8xjiEWI8f96PGFZCvE_AP1I4wP0kMUaKI_Wref4m7Y8evIOEb1HOTvQcmh6oLdvWtoxGVT6t9PtknaWYeMhgycOOC1HzQJV0AnKAFV_3u-a3OQ..&type=2&query=%E8%99%BE%E8%B0%B7%E8%AE%A2%E9%98%85%E5%8F%B7&token=EC661EA0C7F6DA3A4F497E351E2786E74F1F8F1A67E7E79A,虾谷订阅号,5
2024年4月30日虾谷龙虾报价,https://weixin.sogou.com/link?url=dn9a_-gY295K0Rci_xozVXfdMkSQTLW6cwJThYulHEtVjXrGTiVgS9wGR_myRmJJK_Ynf2bJSn9Fh4jN3qY7XVqXa8Fplpd9V_YQOTA2IG1v-Gc2s5CpWkE8ySKYTJ7Uuj34trYSA1eA8eaH_EdDm3jhVPmRCWZAHHX4AQ0xkvXVz9uNqvcfGscPWdqTcgFyRncq-9sP1A_JDGlgEoFaGO03NcGKnshcCuw051oj6VoMLdeUmCWhHpHVIsX5EpUW3tigo4mC7X5Cy6umSSPEsg..&type=2&query=%E8%99%BE%E8%B0%B7%E8%AE%A2%E9%98%85%E5%8F%B7&token=EC661EA0C7F6DA3A4F497E351E2786E74F1F8F1A67E7E79A,虾谷订阅号,5
2024年4月28日虾谷龙虾报价,https://weixin.sogou.com/link?url=dn9a_-gY295K0Rci_xozVXfdMkSQTLW6cwJThYulHEtVjXrGTiVgS9wGR_myRmJJK_Ynf2bJSn9Fh4jN3qY7XVqXa8Fplpd9V_YQOTA2IG1v-Gc2s5CpWkE8ySKYTJ7Uuj34trYSA1eA8eaH_EdDm256yl8CkuVna7qxGPJbESQqXWjAWGTQ_dHnlJXrLz2-VfQfviT8KYvSEzZAvny6dAbNuMdAZABGChIUIcPQdtXLC8VwVcGkCPxkSUeXe0RtoXv32DxzC_hj3x9Nw6p-Fg..&type=2&query=%E8%99%BE%E8%B0%B7%E8%AE%A2%E9%98%85%E5%8F%B7&token=EC661EA0C7F6DA3A4F497E351E2786E74F1F8F1A67E7E79A,虾谷订阅号,5
